{
    "building_steps": [
        {
            "build_instructions": [], 
            "color_rgb": [
                1.0, 
                0.0, 
                0.0
            ], 
            "id": "starting element0", 
            "is_already_built": true, 
            "is_tag": false, 
            "object_type": "starting_material.obj", 
            "pos.x": 0, 
            "pos.y": 0, 
            "pos.z": 0, 
            "quat.w": 1, 
            "quat.x": 0, 
            "quat.y": 0, 
            "quat.z": 0, 
            "type": "object"
        }, 
        {
            "build_instructions": [], 
            "color_rgb": [
                1.0, 
                0.0, 
                0.0
            ], 
            "id": "dynamic_cylinder0", 
            "is_already_built": true, 
            "is_tag": false, 
            "object_type": "cylinder_for_iaac_workshop.obj", 
            "pos.x": 2.8579690086968523, 
            "pos.y": -2.2387475060259963, 
            "pos.z": 0.3261966101922984, 
            "quat.w": 0.67268317212887119, 
            "quat.x": 0.54468178074280205, 
            "quat.y": 0.0018279503794981725, 
            "quat.z": 0.50081510186784473, 
            "type": "object"
        }, 
        {
            "build_instructions": [], 
            "color_rgb": [
                1.0, 
                0.0, 
                0.0
            ], 
            "id": "dynamic_cylinder1", 
            "is_already_built": true, 
            "is_tag": false, 
            "object_type": "cylinder_for_iaac_workshop.obj", 
            "pos.x": 3.2560391911036226, 
            "pos.y": -1.8970172974111215, 
            "pos.z": 0.27865090167223572, 
            "quat.w": -0.15307773545132364, 
            "quat.x": 0.34692567725723877, 
            "quat.y": -0.41271536869930692, 
            "quat.z": 0.82817619249052077, 
            "type": "object"
        }, 
        {
            "build_instructions": [], 
            "color_rgb": [
                1.0, 
                0.0, 
                0.0
            ], 
            "id": "dynamic_cylinder2", 
            "is_already_built": true, 
            "is_tag": false, 
            "object_type": "cylinder_for_iaac_workshop.obj", 
            "pos.x": 2.9164546386150136, 
            "pos.y": -1.9835263548891249, 
            "pos.z": 0.35821800572615725, 
            "quat.w": 0.12829992967454337, 
            "quat.x": 0.86797582591831657, 
            "quat.y": -0.37959375497281578, 
            "quat.z": 0.29336951929701438, 
            "type": "object"
        }, 
        {
            "build_instructions": [], 
            "color_rgb": [
                1.0, 
                0.0, 
                0.0
            ], 
            "id": "dynamic_cylinder", 
            "instances": 200, 
            "is_already_built": false, 
            "is_tag": false, 
            "object_type": "cylinder_for_iaac_workshop_1m.obj", 
            "type": "object"
        }, 
        {
            "build_instructions": [], 
            "id": "tag_0", 
            "is_already_built": true, 
            "pos.x": 0.58647800604145939, 
            "pos.y": -1.3865075604232422, 
            "pos.z": 0.0, 
            "quat.w": 1.0, 
            "quat.x": 0.0, 
            "quat.y": 0.0, 
            "quat.z": 0.0, 
            "tag_id": 0, 
            "tag_size": 0.096000000000000002, 
            "type": "tag"
        }, 
        {
            "build_instructions": [], 
            "id": "tag_1", 
            "is_already_built": true, 
            "pos.x": 1.7594780060414594, 
            "pos.y": -1.3865075604232422, 
            "pos.z": 0.0, 
            "quat.w": 1.0, 
            "quat.x": 0.0, 
            "quat.y": 0.0, 
            "quat.z": 0.0, 
            "tag_id": 1, 
            "tag_size": 0.096000000000000002, 
            "type": "tag"
        }, 
        {
            "build_instructions": [], 
            "id": "tag_2", 
            "is_already_built": true, 
            "pos.x": 2.7594780060414594, 
            "pos.y": -1.3865075604232422, 
            "pos.z": 0.0, 
            "quat.w": 1.0, 
            "quat.x": 0.0, 
            "quat.y": 0.0, 
            "quat.z": 0.0, 
            "tag_id": 2, 
            "tag_size": 0.096000000000000002, 
            "type": "tag"
        }, 
        {
            "build_instructions": [], 
            "id": "tag_3", 
            "is_already_built": true, 
            "pos.x": 0.58647800604145939, 
            "pos.y": -2.886507560423242, 
            "pos.z": 0.0, 
            "quat.w": 1.0, 
            "quat.x": 0.0, 
            "quat.y": 0.0, 
            "quat.z": 0.0, 
            "tag_id": 3, 
            "tag_size": 0.096000000000000002, 
            "type": "tag"
        }, 
        {
            "build_instructions": [], 
            "id": "tag_4", 
            "is_already_built": true, 
            "pos.x": 1.7594780060414594, 
            "pos.y": -2.886507560423242, 
            "pos.z": 0.0, 
            "quat.w": 1.0, 
            "quat.x": 0.0, 
            "quat.y": 0.0, 
            "quat.z": 0.0, 
            "tag_id": 4, 
            "tag_size": 0.096000000000000002, 
            "type": "tag"
        }, 
        {
            "build_instructions": [], 
            "id": "tag_5", 
            "is_already_built": true, 
            "pos.x": 2.7594780060414594, 
            "pos.y": -2.9747447441036345, 
            "pos.z": 0.0, 
            "quat.w": 1.0, 
            "quat.x": 0.0, 
            "quat.y": 0.0, 
            "quat.z": 0.0, 
            "tag_id": 5, 
            "tag_size": 0.096000000000000002, 
            "type": "tag"
        }, 
        {
            "build_instructions": [], 
            "id": "tag_6", 
            "is_already_built": true, 
            "pos.x": 3.0222221510314378, 
            "pos.y": -2.5017447441036347, 
            "pos.z": 0.0, 
            "quat.w": 1.0, 
            "quat.x": 0.0, 
            "quat.y": 0.0, 
            "quat.z": 0.0, 
            "tag_id": 6, 
            "tag_size": 0.096000000000000002, 
            "type": "tag"
        }
    ], 
    "description": "iaac_plan", 
    "id": "iaac_plan", 
    "name": "iaac_plan"
}