{
    "building_steps": [
        {
            "build_instructions": [], 
            "color_rgb": [
                1.0, 
                0.0, 
                0.0
            ], 
            "id": "starting element0", 
            "is_already_built": true, 
            "is_tag": false, 
            "object_type": "starting_material.obj", 
            "pos.x": 0, 
            "pos.y": 0, 
            "pos.z": 0, 
            "quat.w": 1, 
            "quat.x": 0, 
            "quat.y": 0, 
            "quat.z": 0, 
            "type": "object"
        }, 
        {
            "build_instructions": [], 
            "color_rgb": [
                1.0, 
                0.0, 
                0.0
            ], 
            "id": "dynamic_cylinder0", 
            "is_already_built": true, 
            "is_tag": false, 
            "object_type": "cylinder_for_iaac_workshop.obj", 
            "pos.x": 2.9608083341283975, 
            "pos.y": -1.8889209664819377, 
            "pos.z": 0.65447101899189386, 
            "quat.w": -0.098447454050035063, 
            "quat.x": 0.52902876499348495, 
            "quat.y": 0.47898045056500249, 
            "quat.z": 0.69355201144332468, 
            "type": "object"
        }, 
        {
            "build_instructions": [], 
            "color_rgb": [
                1.0, 
                0.0, 
                0.0
            ], 
            "id": "dynamic_cylinder1", 
            "is_already_built": true, 
            "is_tag": false, 
            "object_type": "cylinder_for_iaac_workshop.obj", 
            "pos.x": 2.8579690086968523, 
            "pos.y": -2.2387475060259963, 
            "pos.z": 0.3261966101922984, 
            "quat.w": 0.67268317212887119, 
            "quat.x": 0.54468178074280205, 
            "quat.y": 0.0018279503794981725, 
            "quat.z": 0.50081510186784473, 
            "type": "object"
        }, 
        {
            "build_instructions": [], 
            "color_rgb": [
                1.0, 
                0.0, 
                0.0
            ], 
            "id": "dynamic_cylinder2", 
            "is_already_built": true, 
            "is_tag": false, 
            "object_type": "cylinder_for_iaac_workshop.obj", 
            "pos.x": 3.2560391911036226, 
            "pos.y": -1.8970172974111215, 
            "pos.z": 0.27865090167223572, 
            "quat.w": -0.15307773545132364, 
            "quat.x": 0.34692567725723877, 
            "quat.y": -0.41271536869930692, 
            "quat.z": 0.82817619249052077, 
            "type": "object"
        }, 
        {
            "build_instructions": [], 
            "color_rgb": [
                1.0, 
                0.0, 
                0.0
            ], 
            "id": "dynamic_cylinder3", 
            "is_already_built": true, 
            "is_tag": false, 
            "object_type": "cylinder_for_iaac_workshop.obj", 
            "pos.x": 2.9164546386150136, 
            "pos.y": -1.9835263548891249, 
            "pos.z": 0.35821800572615725, 
            "quat.w": 0.12829992967454337, 
            "quat.x": 0.86797582591831657, 
            "quat.y": -0.37959375497281578, 
            "quat.z": 0.29336951929701438, 
            "type": "object"
        }, 
        {
            "build_instructions": [], 
            "color_rgb": [
                1.0, 
                0.0, 
                0.0
            ], 
            "id": "dynamic_cylinder4", 
            "is_already_built": true, 
            "is_tag": false, 
            "object_type": "cylinder_for_iaac_workshop.obj", 
            "pos.x": 2.9313056137691671, 
            "pos.y": -1.6846289940999837, 
            "pos.z": 1.1391300532744471, 
            "quat.w": 0.17979283315748348, 
            "quat.x": -0.41192218001181663, 
            "quat.y": 0.69294353198222947, 
            "quat.z": 0.56375873939435373, 
            "type": "object"
        }, 
        {
            "build_instructions": [], 
            "color_rgb": [
                1.0, 
                0.0, 
                0.0
            ], 
            "id": "dynamic_cylinder5", 
            "is_already_built": true, 
            "is_tag": false, 
            "object_type": "cylinder_for_iaac_workshop.obj", 
            "pos.x": 2.5580301433307899, 
            "pos.y": -1.8895333548297619, 
            "pos.z": 0.94924930883376324, 
            "quat.w": -0.2234183463805634, 
            "quat.x": -0.038717168346551284, 
            "quat.y": 0.91962937514627296, 
            "quat.z": 0.32072891317103758, 
            "type": "object"
        }, 
        {
            "build_instructions": [], 
            "color_rgb": [
                1.0, 
                0.0, 
                0.0
            ], 
            "id": "dynamic_cylinder6", 
            "is_already_built": true, 
            "is_tag": false, 
            "object_type": "cylinder_for_iaac_workshop.obj", 
            "pos.x": 2.0510188509695979, 
            "pos.y": -1.8228863032248266, 
            "pos.z": 1.0757314021537505, 
            "quat.w": 0.38873321807225286, 
            "quat.x": 0.8531759529049513, 
            "quat.y": -0.34394010832285676, 
            "quat.z": -0.051792667809065586, 
            "type": "object"
        }, 
        {
            "build_instructions": [], 
            "color_rgb": [
                1.0, 
                0.0, 
                0.0
            ], 
            "id": "dynamic_cylinder7", 
            "is_already_built": true, 
            "is_tag": false, 
            "object_type": "cylinder_for_iaac_workshop.obj", 
            "pos.x": 2.3402020631990839, 
            "pos.y": -2.1444501673284888, 
            "pos.z": 1.2648979284328576, 
            "quat.w": 0.53170582809577227, 
            "quat.x": 0.44210145389216327, 
            "quat.y": 0.72236635617737444, 
            "quat.z": -0.0046972649964811871, 
            "type": "object"
        }, 
        {
            "build_instructions": [], 
            "color_rgb": [
                1.0, 
                0.0, 
                0.0
            ], 
            "id": "dynamic_cylinder8", 
            "is_already_built": true, 
            "is_tag": false, 
            "object_type": "cylinder_for_iaac_workshop.obj", 
            "pos.x": 3.1228024013609526, 
            "pos.y": -1.1868239176048205, 
            "pos.z": 1.2751062787620402, 
            "quat.w": 0.30982530881951387, 
            "quat.x": 0.61063586127637526, 
            "quat.y": -0.61023365943886843, 
            "quat.z": -0.39843067631144968, 
            "type": "object"
        }, 
        {
            "build_instructions": [], 
            "color_rgb": [
                1.0, 
                0.0, 
                0.0
            ], 
            "id": "dynamic_cylinder9", 
            "is_already_built": true, 
            "is_tag": false, 
            "object_type": "cylinder_for_iaac_workshop.obj", 
            "pos.x": 3.1879302537631511, 
            "pos.y": -1.6613017191185651, 
            "pos.z": 1.5985858535315542, 
            "quat.w": -0.084619502810802022, 
            "quat.x": 0.77048587181116968, 
            "quat.y": -0.31119598657755126, 
            "quat.z": 0.54986190904758891, 
            "type": "object"
        }, 
        {
            "build_instructions": [], 
            "color_rgb": [
                1.0, 
                0.0, 
                0.0
            ], 
            "id": "dynamic_cylinder10", 
            "is_already_built": true, 
            "is_tag": false, 
            "object_type": "cylinder_for_iaac_workshop.obj", 
            "pos.x": 3.1290385704210939, 
            "pos.y": -0.80798872209812789, 
            "pos.z": 1.6199094477864917, 
            "quat.w": 0.3746747133542091, 
            "quat.x": 0.60304092216370886, 
            "quat.y": -0.10908268446975017, 
            "quat.z": 0.69574526467505182,